{
    "Modules": {
        "...MASTER...": {
            "start_perf": [
                0.24503302574157715,
                0.038255999999999998,
                0.021253000000000001,
                367060,
                446936,
                1648142363.8316879,
                3255086427022
            ],
            "child_modules": {
                "async_fifo": 1,
                "std": 1
            },
            "end_perf": [
                0.24658203125,
                0.039251000000000001,
                0.021805999999999999,
                371112,
                446936,
                3255091553737,
                0,
                0
            ],
            "nQuads": 0,
            "nRouts": 5,
            "nMops": 0
        },
        "std": {
            "start_perf": [
                0.24664402008056641,
                0.039291,
                0.021828,
                371112,
                446936,
                1648142363.8332989,
                3255091733851
            ],
            "child_modules": {},
            "nRouts": 33,
            "Compiled Times": 1,
            "nMops": 528,
            "Compiled": "Yes",
            "end_perf": [
                0.25213813781738281,
                0.044408999999999997,
                0.022204000000000002,
                373616,
                446936,
                3255109861543,
                8589934594,
                0
            ],
            "svclass": [
                "$vcs_nba_dyn_obj",
                576,
                35,
                2,
                2,
                0,
                "sigprop$$",
                576,
                35,
                2,
                2,
                0,
                "process",
                2380,
                200,
                8,
                8,
                0,
                "event",
                597,
                34,
                2,
                2,
                0,
                "mailbox",
                1769,
                140,
                9,
                9,
                0,
                "semaphore",
                1119,
                84,
                5,
                5,
                0
            ],
            "nQuads": 218
        },
        "async_fifo": {
            "start_perf": [
                0.2521669864654541,
                0.044429000000000003,
                0.022214000000000001,
                373616,
                446936,
                1648142363.8388219,
                3255109921207
            ],
            "child_modules": {},
            "nRouts": 5,
            "nMops": 0,
            "Compiled Times": 1,
            "Compiled": "Yes",
            "end_perf": [
                0.25292420387268066,
                0.045184000000000002,
                0.022214000000000001,
                373616,
                446936,
                3255112433530,
                12884901889,
                0
            ],
            "nQuads": 0
        }
    },
    "CompUnits": {
        "amcQw_d": {
            "bytes": 7832,
            "out": "objs/amcQw_d.o",
            "mod": "...MASTER...",
            "text": 434,
            "checksum": 0,
            "mode": 4
        },
        "reYIK_d": {
            "bytes": 43000,
            "out": "reYIK_d.o",
            "mod": "std",
            "archive": "archive.0/_7983_archive_1.a",
            "text": 7325,
            "cls": 7017,
            "checksum": 0,
            "mode": 4
        },
        "h4Pec_d": {
            "bytes": 6474,
            "out": "h4Pec_d.o",
            "mod": "async_fifo",
            "archive": "archive.0/_7983_archive_1.a",
            "text": 213,
            "checksum": 0,
            "mode": 4
        }
    },
    "reusePaths": {},
    "ObjArchives": [
        {
            "archive": "archive.0/_7983_archive_1.a",
            "objects": [
                [
                    "reYIK_d.o",
                    43000
                ],
                [
                    "h4Pec_d.o",
                    6474
                ],
                [
                    "amcQwB.o",
                    115864
                ]
            ],
            "size": 165338
        }
    ],
    "stat": {
        "ru_self_end": {
            "ru_nivcsw": 3,
            "ru_utime_sec": 0.048418999999999997,
            "ru_stime_sec": 0.022214000000000001,
            "ru_majflt": 0,
            "ru_maxrss_kb": 115924,
            "ru_nvcsw": 35,
            "ru_minflt": 13398
        },
        "ru_childs_end": {
            "ru_nivcsw": 0,
            "ru_utime_sec": 0.015455,
            "ru_stime_sec": 0.010580000000000001,
            "ru_majflt": 0,
            "ru_maxrss_kb": 23772,
            "ru_nvcsw": 25,
            "ru_minflt": 5592
        },
        "cpu_cycles_end": 3255123052930,
        "peak_mem_kb": 446936
    }
}