{
    "Modules": {
        "...MASTER...": {
            "nMops": 15,
            "start_perf": [
                0.36002612113952637,
                0.055440000000000003,
                0.055440000000000003,
                367628,
                450464,
                1648214783.1212161,
                6361038544951
            ],
            "nRouts": 14,
            "child_modules": {
                "async_fifo": 1,
                "std": 1
            },
            "end_perf": [
                0.37214517593383789,
                0.055440000000000003,
                0.060491999999999997,
                372052,
                450464,
                6361078487425,
                0,
                0
            ],
            "nQuads": 12
        },
        "std": {
            "nMops": 528,
            "start_perf": [
                0.37222099304199219,
                0.055440000000000003,
                0.060567999999999997,
                372052,
                450464,
                1648214783.1334109,
                6361078692982
            ],
            "nRouts": 33,
            "Compiled": "Yes",
            "child_modules": {},
            "Compiled Times": 2,
            "svclass": [
                "$vcs_nba_dyn_obj",
                0,
                35,
                2,
                2,
                0,
                "sigprop$$",
                0,
                35,
                2,
                2,
                0,
                "process",
                0,
                200,
                8,
                8,
                0,
                "event",
                0,
                34,
                2,
                2,
                0,
                "mailbox",
                0,
                140,
                9,
                9,
                0,
                "semaphore",
                0,
                84,
                5,
                5,
                0
            ],
            "end_perf": [
                0.37975215911865234,
                0.055440000000000003,
                0.065668000000000004,
                372052,
                450464,
                6361103583016,
                8589934594,
                0
            ],
            "nQuads": 218
        },
        "async_fifo": {
            "nMops": 3362,
            "start_perf": [
                0.3798060417175293,
                0.055440000000000003,
                0.065723000000000004,
                372052,
                450464,
                1648214783.140996,
                6361103664757
            ],
            "nRouts": 175,
            "Compiled": "Yes",
            "child_modules": {},
            "Compiled Times": 2,
            "significant_routs": [
                [
                    54,
                    "X_VCSgd_h4Pec_0_0",
                    6893997,
                    342,
                    57
                ],
                [
                    61,
                    "R_VCSgd_h4Pec_3d",
                    7122588,
                    788,
                    75
                ],
                [
                    167,
                    "R_VCSgd_h4Pec_a7",
                    8213436,
                    1048,
                    141
                ]
            ],
            "end_perf": [
                0.41591811180114746,
                0.055440000000000003,
                0.099446000000000007,
                375852,
                450464,
                6361222670926,
                12884901889,
                0
            ],
            "nQuads": 1317
        }
    },
    "ObjArchives": [
        {
            "archive": "archive.1/_13582_archive_1.a",
            "objects": [
                [
                    "h4Pec_d.o",
                    55672
                ],
                [
                    "amcQwB.o",
                    117064
                ]
            ],
            "size": 172736
        }
    ],
    "CompUnits": {
        "h4Pec_d": {
            "mod": "async_fifo",
            "checksum": 0,
            "out": "h4Pec_d.o",
            "archive": "archive.1/_13582_archive_1.a",
            "bytes": 55672,
            "text": 28030,
            "mode": 4
        },
        "amcQw_d": {
            "mod": "...MASTER...",
            "checksum": 0,
            "out": "objs/amcQw_d.o",
            "bytes": 8882,
            "text": 600,
            "mode": 4
        }
    },
    "reusePaths": {
        "reYIK_d": {
            "icPath": "csrc"
        }
    },
    "stat": {
        "ru_childs_end": {
            "ru_minflt": 16667,
            "ru_maxrss_kb": 59508,
            "ru_utime_sec": 0.042349999999999999,
            "ru_stime_sec": 0.039155000000000002,
            "ru_majflt": 125,
            "ru_nivcsw": 7,
            "ru_nvcsw": 215
        },
        "ru_self_end": {
            "ru_minflt": 15885,
            "ru_maxrss_kb": 123408,
            "ru_utime_sec": 0.055440000000000003,
            "ru_stime_sec": 0.110504,
            "ru_majflt": 143,
            "ru_nivcsw": 8,
            "ru_nvcsw": 212
        },
        "cpu_cycles_end": 6361261487473,
        "peak_mem_kb": 450464
    }
}