{
    "Modules": {
        "...MASTER...": {
            "start_perf": [
                0.28508591651916504,
                0.033009999999999998,
                0.042944999999999997,
                278768,
                291856,
                1648053874.315881,
                38461941005672
            ],
            "child_modules": {
                "std": 1,
                "reset_synchronizer": 1
            },
            "nMops": 9,
            "end_perf": [
                0.28768181800842285,
                0.035342999999999999,
                0.043196999999999999,
                281260,
                291856,
                38461949571812,
                0,
                0
            ],
            "nQuads": 7,
            "nRouts": 10
        },
        "std": {
            "start_perf": [
                0.28774094581604004,
                0.035368999999999998,
                0.043228999999999997,
                281260,
                291856,
                1648053874.318536,
                38461949791559
            ],
            "Compiled Times": 1,
            "svclass": [
                "$vcs_nba_dyn_obj",
                576,
                35,
                2,
                2,
                0,
                "sigprop$$",
                576,
                35,
                2,
                2,
                0,
                "process",
                2380,
                200,
                8,
                8,
                0,
                "event",
                597,
                34,
                2,
                2,
                0,
                "mailbox",
                1769,
                140,
                9,
                9,
                0,
                "semaphore",
                1119,
                84,
                5,
                5,
                0
            ],
            "child_modules": {},
            "Compiled": "Yes",
            "end_perf": [
                0.29434084892272949,
                0.038725999999999997,
                0.046471999999999999,
                285628,
                291856,
                38461971618650,
                8589934594,
                0
            ],
            "nMops": 528,
            "nQuads": 218,
            "nRouts": 33
        },
        "reset_synchronizer": {
            "start_perf": [
                0.29462194442749023,
                0.038854,
                0.046625,
                285628,
                291856,
                1648053874.325417,
                38461972418966
            ],
            "Compiled Times": 1,
            "child_modules": {},
            "Compiled": "Yes",
            "nMops": 631,
            "end_perf": [
                0.30280780792236328,
                0.0441,
                0.048108999999999999,
                287292,
                291856,
                38461999418345,
                17179869185,
                0
            ],
            "nQuads": 372,
            "nRouts": 64
        }
    },
    "CompUnits": {
        "amcQw_d": {
            "mod": "...MASTER...",
            "out": "objs/amcQw_d.o",
            "text": 551,
            "bytes": 8540,
            "mode": 4,
            "checksum": 0
        },
        "reYIK_d": {
            "mod": "std",
            "archive": "archive.0/_11902_archive_1.a",
            "out": "reYIK_d.o",
            "cls": 7017,
            "text": 7325,
            "bytes": 43000,
            "mode": 4,
            "checksum": 0
        },
        "ik0Nb_d": {
            "mod": "reset_synchronizer",
            "archive": "archive.0/_11902_archive_1.a",
            "out": "ik0Nb_d.o",
            "text": 6527,
            "bytes": 18658,
            "mode": 4,
            "checksum": 0
        }
    },
    "reusePaths": {},
    "ObjArchives": [
        {
            "archive": "archive.0/_11902_archive_1.a",
            "objects": [
                [
                    "reYIK_d.o",
                    43000
                ],
                [
                    "ik0Nb_d.o",
                    18658
                ],
                [
                    "amcQwB.o",
                    116340
                ]
            ],
            "size": 177998
        }
    ],
    "stat": {
        "ru_self_end": {
            "ru_utime_sec": 0.044696,
            "ru_nvcsw": 44,
            "ru_stime_sec": 0.051253,
            "ru_maxrss_kb": 115360,
            "ru_minflt": 11972,
            "ru_majflt": 8,
            "ru_nivcsw": 6
        },
        "peak_mem_kb": 291856,
        "ru_childs_end": {
            "ru_utime_sec": 0.023217999999999999,
            "ru_nvcsw": 26,
            "ru_stime_sec": 0.0060540000000000004,
            "ru_maxrss_kb": 21164,
            "ru_minflt": 5609,
            "ru_majflt": 0,
            "ru_nivcsw": 0
        },
        "cpu_cycles_end": 38462011673126
    }
}