{
    "Modules": {
        "...MASTER...": {
            "nRouts": 5,
            "child_modules": {
                "reset_syncer_tb": 1,
                "std": 1
            },
            "start_perf": [
                0.26793599128723145,
                0.048009000000000003,
                0.023446000000000002,
                367436,
                447204,
                1648235799.502449,
                5424921360586
            ],
            "end_perf": [
                0.27108597755432129,
                0.048009000000000003,
                0.024910999999999999,
                368952,
                447204,
                5424931794722,
                0,
                0
            ],
            "nQuads": 0,
            "nMops": 0
        },
        "std": {
            "nRouts": 33,
            "start_perf": [
                0.27115607261657715,
                0.048009000000000003,
                0.024981,
                368952,
                447204,
                1648235799.5056691,
                5424931970612
            ],
            "child_modules": {},
            "Compiled": "Yes",
            "nMops": 528,
            "Compiled Times": 3,
            "end_perf": [
                0.27326297760009766,
                0.050064999999999998,
                0.025031999999999999,
                368952,
                447204,
                5424938973080,
                8589934594,
                0
            ],
            "nQuads": 218,
            "svclass": [
                "$vcs_nba_dyn_obj",
                0,
                35,
                2,
                2,
                0,
                "sigprop$$",
                0,
                35,
                2,
                2,
                0,
                "process",
                0,
                200,
                8,
                8,
                0,
                "event",
                0,
                34,
                2,
                2,
                0,
                "mailbox",
                0,
                140,
                9,
                9,
                0,
                "semaphore",
                0,
                84,
                5,
                5,
                0
            ]
        },
        "reset_syncer_tb": {
            "nRouts": 38,
            "child_modules": {},
            "start_perf": [
                0.27330493927001953,
                0.050092999999999999,
                0.025045999999999999,
                368952,
                447204,
                1648235799.507818,
                5424939041918
            ],
            "Compiled": "Yes",
            "nMops": 297,
            "Compiled Times": 3,
            "end_perf": [
                0.27511906623840332,
                0.051302,
                0.025651,
                369720,
                447204,
                5424945057488,
                12884901889,
                0
            ],
            "nQuads": 204
        }
    },
    "ObjArchives": [
        {
            "archive": "archive.2/_5660_archive_1.a",
            "size": 115804,
            "objects": [
                [
                    "amcQwB.o",
                    115804
                ]
            ]
        }
    ],
    "CompUnits": {},
    "reusePaths": {
        "gsqQ2_d": {
            "icPath": "csrc"
        },
        "amcQw_d": {
            "icPath": "csrc"
        },
        "reYIK_d": {
            "icPath": "csrc"
        }
    },
    "stat": {
        "ru_self_end": {
            "ru_utime_sec": 0.055579000000000003,
            "ru_stime_sec": 0.025964999999999998,
            "ru_nvcsw": 39,
            "ru_majflt": 0,
            "ru_maxrss_kb": 117080,
            "ru_nivcsw": 4,
            "ru_minflt": 13666
        },
        "ru_childs_end": {
            "ru_utime_sec": 0.019276999999999999,
            "ru_stime_sec": 0.0079880000000000003,
            "ru_nvcsw": 26,
            "ru_majflt": 0,
            "ru_maxrss_kb": 24764,
            "ru_nivcsw": 0,
            "ru_minflt": 5833
        },
        "cpu_cycles_end": 5424960172115,
        "peak_mem_kb": 447204
    }
}