{
    "cycles_program_begin": 2265650274458,
    "cpu_cycles_pass2_start": 2266231291065,
    "perf": [
        {
            "stat": [
                "main",
                "entry",
                0.066113948822021484,
                0.061787000000000002,
                0.055607999999999998,
                220176,
                220176,
                0.0,
                0.0,
                1677807619.342797,
                2265650602584
            ],
            "sub": [
                {
                    "stat": [
                        "doParsingAndDesignResolution",
                        "entry",
                        0.1157538890838623,
                        0.07195,
                        0.085031999999999996,
                        277124,
                        277924,
                        0.0,
                        0.0,
                        1677807619.392437,
                        2265784060305
                    ],
                    "sub": []
                },
                {
                    "stat": [
                        "doParsingAndDesignResolution",
                        "exit",
                        0.13127899169921875,
                        0.081244999999999998,
                        0.093743999999999994,
                        379880,
                        444896,
                        0.0,
                        0.0,
                        1677807619.4079621,
                        2265825819118
                    ],
                    "sub": []
                },
                {
                    "stat": [
                        "doPostDesignResolutionToVir2Vcs",
                        "entry",
                        0.14322590827941895,
                        0.081244999999999998,
                        0.107421,
                        363864,
                        444896,
                        0.0,
                        0.0,
                        1677807619.419909,
                        2265858109621
                    ],
                    "sub": [
                        {
                            "stat": [
                                "doUptoVir2VcsNoSepCleanup",
                                "entry",
                                0.14923095703125,
                                0.081637000000000001,
                                0.113036,
                                364056,
                                444896,
                                0.0,
                                0.0,
                                1677807619.425914,
                                2265874077481
                            ],
                            "sub": []
                        },
                        {
                            "stat": [
                                "doUptoVir2VcsNoSepCleanup",
                                "exit",
                                0.210845947265625,
                                0.088997999999999994,
                                0.13053000000000001,
                                377888,
                                444896,
                                0.019066,
                                0.017321,
                                1677807619.487529,
                                2266039664413
                            ],
                            "sub": []
                        },
                        {
                            "stat": [
                                "doRadify_vir2vcsAll",
                                "entry",
                                0.21093201637268066,
                                0.089033000000000001,
                                0.130582,
                                377888,
                                444896,
                                0.019066,
                                0.017321,
                                1677807619.4876151,
                                2266039799369
                            ],
                            "sub": []
                        },
                        {
                            "stat": [
                                "doRadify_vir2vcsAll",
                                "exit",
                                0.21731281280517578,
                                0.092715000000000006,
                                0.13327900000000001,
                                377888,
                                444896,
                                0.019066,
                                0.017321,
                                1677807619.4939959,
                                2266057129148
                            ],
                            "sub": []
                        }
                    ]
                },
                {
                    "stat": [
                        "doPostDesignResolutionToVir2Vcs",
                        "exit",
                        0.21741080284118652,
                        0.092757000000000006,
                        0.13333800000000001,
                        377888,
                        444896,
                        0.019066,
                        0.017321,
                        1677807619.4940939,
                        2266057263976
                    ],
                    "sub": []
                },
                {
                    "stat": [
                        "doGAToPass2",
                        "entry",
                        0.2174530029296875,
                        0.092773999999999995,
                        0.13336300000000001,
                        377888,
                        444896,
                        0.019066,
                        0.017321,
                        1677807619.4941361,
                        2266057342224
                    ],
                    "sub": [
                        {
                            "stat": [
                                "DoPass2",
                                "entry",
                                0.28214502334594727,
                                0.092773999999999995,
                                0.14338699999999999,
                                376332,
                                444896,
                                0.040614999999999998,
                                0.050755000000000002,
                                1677807619.5588281,
                                2266231275227
                            ],
                            "sub": []
                        },
                        {
                            "stat": [
                                "DoPass2",
                                "exit",
                                0.33644890785217285,
                                0.10577499999999999,
                                0.157744,
                                378276,
                                444896,
                                0.046231000000000001,
                                0.063729999999999995,
                                1677807619.613132,
                                2266377283851
                            ],
                            "sub": []
                        }
                    ]
                },
                {
                    "stat": [
                        "doGAToPass2",
                        "exit",
                        0.34234285354614258,
                        0.10577499999999999,
                        0.163637,
                        378276,
                        444896,
                        0.046231000000000001,
                        0.063729999999999995,
                        1677807619.6190259,
                        2266393214451
                    ],