{
    "Modules": {
        "...MASTER...": {
            "end_perf": [
                0.29213380813598633,
                0.094102000000000005,
                0.147035,
                376332,
                444896,
                2266258089127,
                0,
                0
            ],
            "start_perf": [
                0.28239297866821289,
                0.092773999999999995,
                0.14363500000000001,
                376332,
                444896,
                1677807619.5590761,
                2266231896490
            ],
            "nRouts": 5,
            "child_modules": {
                "std": 1,
                "tb": 1
            },
            "nMops": 0,
            "nQuads": 0
        },
        "tb": {
            "end_perf": [
                0.30920696258544922,
                0.10577499999999999,
                0.150312,
                378276,
                444896,
                2266304082513,
                12884901889,
                0
            ],
            "Compiled Times": 6,
            "start_perf": [
                0.29297399520874023,
                0.094102000000000005,
                0.14787500000000001,
                376332,
                444896,
                1677807619.5696571,
                2266260569334
            ],
            "nRouts": 46,
            "Compiled": "Yes",
            "child_modules": {},
            "nMops": 446,
            "nQuads": 283
        }
    },
    "CompUnits": {
        "g7hgQ_d": {
            "mod": "tb",
            "out": "g7hgQ_d.o",
            "bytes": 19794,
            "text": 5158,
            "archive": "archive.5/_10377_archive_1.a",
            "mode": 4,
            "checksum": 0
        }
    },
    "reusePaths": {
        "amcQw_d": {
            "icPath": "csrc"
        }
    },
    "ObjArchives": [
        {
            "archive": "archive.5/_10377_archive_1.a",
            "objects": [
                [
                    "g7hgQ_d.o",
                    19794
                ],
                [
                    "amcQwB.o",
                    114600
                ]
            ],
            "size": 134394
        }
    ],
    "stat": {
        "cpu_cycles_end": 2266393741209,
        "ru_self_end": {
            "ru_utime_sec": 0.10577499999999999,
            "ru_nvcsw": 63,
            "ru_stime_sec": 0.163907,
            "ru_majflt": 0,
            "ru_maxrss_kb": 121656,
            "ru_minflt": 14556,
            "ru_nivcsw": 6
        },
        "ru_childs_end": {
            "ru_utime_sec": 0.046231000000000001,
            "ru_nvcsw": 34,
            "ru_stime_sec": 0.063729999999999995,
            "ru_majflt": 0,
            "ru_maxrss_kb": 75016,
            "ru_minflt": 7708,
            "ru_nivcsw": 1
        },
        "peak_mem_kb": 444896
    }
}