{
    "ObjArchives": [
        {
            "archive": "archive.0/_3284_archive_1.a",
            "objects": [
                [
                    "reYIK_d.o",
                    43000
                ],
                [
                    "srKcx_d.o",
                    97862
                ],
                [
                    "h4Pec_d.o",
                    46216
                ],
                [
                    "amcQwB.o",
                    118880
                ]
            ],
            "size": 305958
        }
    ],
    "Modules": {
        "...MASTER...": {
            "start_perf": [
                6.9501190185546875,
                0.086892999999999998,
                0.59677599999999997,
                365328,
                449148,
                1649423581.9062431,
                324310737190
            ],
            "child_modules": {
                "std": 1,
                "uart_tb": 1
            },
            "end_perf": [
                6.9580838680267334,
                0.086892999999999998,
                0.60006300000000001,
                369832,
                449148,
                324336997501,
                0,
                0
            ],
            "nQuads": 0,
            "nRouts": 5,
            "nMops": 0
        },
        "std": {
            "start_perf": [
                6.9581608772277832,
                0.086892999999999998,
                0.60014199999999995,
                369832,
                449148,
                1649423581.9142849,
                324337203355
            ],
            "child_modules": {},
            "end_perf": [
                6.9698388576507568,
                0.089925000000000005,
                0.60495500000000002,
                371544,
                449148,
                324375727538,
                8589934594,
                0
            ],
            "svclass": [
                "$vcs_nba_dyn_obj",
                576,
                35,
                2,
                2,
                0,
                "sigprop$$",
                576,
                35,
                2,
                2,
                0,
                "process",
                2380,
                200,
                8,
                8,
                0,
                "event",
                597,
                34,
                2,
                2,
                0,
                "mailbox",
                1769,
                140,
                9,
                9,
                0,
                "semaphore",
                1119,
                84,
                5,
                5,
                0
            ],
            "Compiled": "Yes",
            "Compiled Times": 1,
            "nQuads": 218,
            "nRouts": 33,
            "nMops": 528
        },
        "async_fifo": {
            "start_perf": [
                7.0213470458984375,
                0.13764799999999999,
                0.60499199999999997,
                376208,
                449148,
                1649423581.9774711,
                324545334008
            ],
            "child_modules": {},
            "end_perf": [
                7.043720006942749,
                0.158637,
                0.60607699999999998,
                376208,
                449148,
                324619120721,
                55834574849,
                0
            ],
            "Compiled": "Yes",
            "Compiled Times": 1,
            "nQuads": 1010,
            "nRouts": 149,
            "nMops": 2785
        },
        "uart_tb": {
            "start_perf": [
                6.9698808193206787,
                0.089930999999999997,
                0.60499199999999997,
                371544,
                449148,
                1649423581.9260049,
                324375797465
            ],
            "child_modules": {
                "async_fifo": 2
            },
            "end_perf": [
                7.0212619304656982,
                0.13755999999999999,
                0.60499199999999997,
                376208,
                449148,
                324545237846,
                12884901889,
                0
            ],
            "Compiled": "Yes",
            "Compiled Times": 1,
            "nQuads": 2521,
            "nRouts": 336,
            "nMops": 6215
        }
    },
    "stat": {
        "cpu_cycles_end": 324639827247,
        "ru_childs_end": {
            "ru_nivcsw": 5,
            "ru_utime_sec": 0.031255999999999999,
            "ru_stime_sec": 0.072413000000000005,
            "ru_maxrss_kb": 32940,
            "ru_nvcsw": 187,
            "ru_minflt": 5759,
            "ru_majflt": 125
        },
        "ru_self_end": {
            "ru_nivcsw": 11,
            "ru_utime_sec": 0.15901199999999999,
            "ru_stime_sec": 0.61127900000000002,
            "ru_maxrss_kb": 128104,
            "ru_nvcsw": 1136,
            "ru_minflt": 18093,
            "ru_majflt": 989
        },
        "peak_mem_kb": 449148
    },
    "CompUnits": {
        "amcQw_d": {
            "out": "objs/amcQw_d.o",
            "mod": "...MASTER...",
            "bytes": 7824,
            "mode": 4,
            "text": 434,
            "checksum": 0
        },
        "reYIK_d": {
            "out": "reYIK_d.o",
            "mod": "std",
            "bytes": 43000,
            "mode": 4,
            "text": 7325,
            "cls": 7017,
            "archive": "archive.0/_3284_archive_1.a",
            "checksum": 0
        },
        "srKcx_d": {
            "out": "srKcx_d.o",
            "mod": "uart_tb",
            "bytes": 97862,
            "mode": 4,
            "text": 54080,
            "archive": "archive.0/_3284_archive_1.a",
            "checksum": 0
        },
        "h4Pec_d": {
            "out": "h4Pec_d.o",
            "mod": "async_fifo",
            "bytes": 46216,
            "mode": 4,
            "text": 23174,
            "archive": "archive.0/_3284_archive_1.a",
            "checksum": 0
        }
    },
    "reusePaths": {}
}