{
    "Modules": {
        "...MASTER...": {
            "start_perf": [
                0.26668500900268555,
                0.067263000000000003,
                0.118268,
                276580,
                289056,
                1675933945.5420051,
                16626163105953
            ],
            "child_modules": {
                "std": 1,
                "reset": 1
            },
            "end_perf": [
                0.30828285217285156,
                0.073792999999999997,
                0.147587,
                277604,
                289056,
                16626274971202,
                0,
                0
            ],
            "nQuads": 0,
            "nMops": 0,
            "nRouts": 5
        },
        "std": {
            "start_perf": [
                0.30855989456176758,
                0.073792999999999997,
                0.147865,
                277604,
                289056,
                1675933945.5838799,
                16626275710717
            ],
            "Compiled Times": 2,
            "child_modules": {},
            "Compiled": "Yes",
            "svclass": [
                "$vcs_nba_dyn_obj",
                0,
                37,
                2,
                2,
                0,
                "sigprop$$",
                0,
                37,
                2,
                2,
                0,
                "process",
                0,
                184,
                8,
                8,
                0,
                "event",
                0,
                36,
                2,
                2,
                0,
                "mailbox",
                0,
                99,
                9,
                9,
                0,
                "semaphore",
                0,
                69,
                5,
                5,
                0
            ],
            "end_perf": [
                0.31387686729431152,
                0.077377000000000001,
                0.14959700000000001,
                277988,
                289056,
                16626290001965,
                8589934594,
                0
            ],
            "nQuads": 213,
            "nMops": 462,
            "nRouts": 33
        },
        "reset": {
            "Compiled Times": 2,
            "start_perf": [
                0.31395792961120605,
                0.077405000000000002,
                0.14965100000000001,
                277988,
                289056,
                1675933945.589278,
                16626290176515
            ],
            "child_modules": {},
            "Compiled": "Yes",
            "end_perf": [
                0.31702184677124023,
                0.077405000000000002,
                0.15271399999999999,
                280348,
                289056,
                16626298448099,
                12884901889,
                0
            ],
            "nQuads": 0,
            "nMops": 0,
            "nRouts": 5
        }
    },
    "CompUnits": {
        "y90w4_d": {
            "mode": 4,
            "text": 205,
            "mod": "reset",
            "out": "y90w4_d.o",
            "bytes": 6130,
            "checksum": 0,
            "archive": "archive.1/_4503_archive_1.a"
        }
    },
    "reusePaths": {
        "amcQw_d": {
            "icPath": "csrc"
        },
        "reYIK_d": {
            "icPath": "csrc"
        }
    },
    "ObjArchives": [
        {
            "archive": "archive.1/_4503_archive_1.a",
            "objects": [
                [
                    "y90w4_d.o",
                    6130
                ],
                [
                    "amcQwB.o",
                    67404
                ]
            ],
            "size": 73534
        }
    ],
    "stat": {
        "ru_self_end": {
            "ru_nvcsw": 36,
            "ru_majflt": 5,
            "ru_utime_sec": 0.080421999999999993,
            "ru_stime_sec": 0.15479899999999999,
            "ru_nivcsw": 3,
            "ru_maxrss_kb": 107924,
            "ru_minflt": 10056
        },
        "ru_childs_end": {
            "ru_nvcsw": 16,
            "ru_majflt": 0,
            "ru_utime_sec": 0.053809999999999997,
            "ru_stime_sec": 0.091569999999999999,
            "ru_nivcsw": 2,
            "ru_maxrss_kb": 20604,
            "ru_minflt": 4088
        },
        "cpu_cycles_end": 16626312065077,
        "peak_mem_kb": 289056
    }
}