{
    "stat": {
        "ru_self_cgstart": {
            "ru_maxrss_kb": 114300,
            "ru_utime_sec": 0.055671999999999999,
            "ru_nivcsw": 61,
            "ru_stime_sec": 0.029692,
            "ru_majflt": 0,
            "ru_minflt": 11956,
            "ru_nvcsw": 28
        },
        "peak_mem_kb": 395200,
        "ru_self_end": {
            "ru_maxrss_kb": 122172,
            "ru_utime_sec": 0.062806000000000001,
            "ru_nivcsw": 76,
            "ru_stime_sec": 0.040639000000000002,
            "ru_majflt": 0,
            "ru_minflt": 13986,
            "ru_nvcsw": 37
        },
        "ru_childs_cgstart": {
            "ru_maxrss_kb": 114300,
            "ru_utime_sec": 0.022419000000000001,
            "ru_nivcsw": 26,
            "ru_stime_sec": 0.020721,
            "ru_majflt": 0,
            "ru_minflt": 5037,
            "ru_nvcsw": 26
        },
        "cpu_cycles_cgstart": 28246747622131,
        "nMops": 528,
        "nQuads": 218,
        "totalObjSize": 114496,
        "realTime": 0.30900192260742188,
        "ru_childs_end": {
            "ru_maxrss_kb": 115224,
            "ru_utime_sec": 0.062175000000000001,
            "ru_nivcsw": 47,
            "ru_stime_sec": 0.029241,
            "ru_majflt": 0,
            "ru_minflt": 8792,
            "ru_nvcsw": 42
        },
        "cpu_cycles_end": 28246982214342,
        "mopSpeed": 11260.396673064615,
        "quadSpeed": 4649.1789294092541,
        "CodeGen(%)": 37.517702690809017,
        "cpu_cycles_total": 955317761,
        "mop/quad": 2.4220183486238533,
        "outputSizePerQuad": 525.21100917431193,
        "Frontend(%)": 62.482297309190983
    },
    "incremental": "on",
    "cycles_program_begin": 28246026896581,
    "perf": [
        {
            "stat": [
                "main",
                "entry",
                0.0098910331726074219,
                0.019536999999999999,
                0.0078150000000000008,
                202748,
                202748,
                0.0,
                0.0,
                1659265409.464962,
                28246027056357
            ],
            "sub": [
                {
                    "stat": [
                        "doParsingAndDesignResolution",
                        "entry",
                        0.13718795776367188,
                        0.022946000000000001,
                        0.015297,
                        226248,
                        227048,
                        0.0,
                        0.0,
                        1659265409.5922589,
                        28246433612294
                    ],
                    "sub": []
                },
                {
                    "stat": [
                        "doParsingAndDesignResolution",
                        "exit",
                        0.1486821174621582,
                        0.031039000000000001,
                        0.019399,
                        330184,
                        395200,
                        0.0,
                        0.0,
                        1659265409.6037531,
                        28246470317587
                    ],
                    "sub": []
                },
                {
                    "stat": [
                        "doPostDesignResolutionToVir2Vcs",
                        "entry",
                        0.15343713760375977,
                        0.031717000000000002,
                        0.023788,
                        311868,
                        395200,
                        0.0,
                        0.0,
                        1659265409.6085081,
                        28246485495955
                    ],
                    "sub": [
                        {
                            "stat": [
                                "doUptoVir2VcsNoSepCleanup",
                                "entry",
                                0.15667200088500977,
                                0.034927,
                                0.023788,
                                312092,
                                395200,
                                0.0,
                                0.0,
                                1659265409.611743,
                                28246495815795
                            ],
                            "sub": []
                        },
                        {
                            "stat": [
                                "doUptoVir2VcsNoSepCleanup",
                                "exit",
                                0.19279193878173828,
                                0.050832000000000002,
                                0.029045999999999999,
                                326000,
                                395200,
                                0.0084169999999999991,
                                0.0025040000000000001,
                                1659265409.6478629,
                                28246611259110
                            ],
                            "sub": []
                        },
                        {
                            "stat": [
                                "doRadify_vir2vcsAll",
                                "entry",
                                0.19286108016967773,
                                0.050875999999999998,
                                0.029072000000000001,
                                326000,
                                395200,
                                0.0084169999999999991,
                                0.0025040000000000001,
                                1659265409.6479321,
                                28246611367718
                            ],
                            "sub": []
                        },
                        {
                            "stat": [
                                "doRadify_vir2vcsAll",
                                "exit",
                                0.19668412208557129,
                                0.054628000000000003,
                                0.029135000000000001,
                                326000,
                                395200,
                                0.0084169999999999991,
                                0.0025040000000000001,
                                1659265409.6517551,
                                28246623628326
                            ],
                            "sub": []
                        }
                    ]
                },
                {
                    "stat": [
                        "doPostDesignResolutionToVir2Vcs",
                        "exit",
                        0.1967170238494873,
                        0.054649999999999997,
                        0.029146999999999999,
                        326000,
                        395200,
                        0.0084169999999999991,
                        0.0025040000000000001,
                        1659265409.651788,
                        28246623676390
                    ],
                    "sub": []
                },
                {
                    "stat": [
                        "doGAToPass2",
                        "entry",
                        0.1967310905456543,
                        0.05466,
                        0.029152000000000001,
                        326000,
                        395200,
                        0.0084169999999999991,
                        0.0025040000000000001,
                        1659265409.6518021,
                        28246623714950
                    ],