{
    "Modules": {
        "spi_apb_if_tb": {
            "start_perf": [
                0.090951919555664062,
                0.044828,
                0.018416999999999999,
                328216,
                405644,
                1658387058.74139,
                31689211531489
            ],
            "significant_routs": [
                [
                    3,
                    "R_VCSgd_tWQum_3",
                    2333600,
                    1207,
                    85
                ],
                [
                    7,
                    "R_VCSgd_tWQum_7",
                    1265504,
                    221,
                    28
                ],
                [
                    16,
                    "R_VCSgd_tWQum_10",
                    27915552,
                    358,
                    40
                ],
                [
                    17,
                    "R_VCSgd_tWQum_11",
                    1279456,
                    506,
                    61
                ],
                [
                    35,
                    "R_VCSgd_tWQum_23",
                    2315678,
                    129,
                    16
                ],
                [
                    39,
                    "R_VCSgd_tWQum_27",
                    9017570,
                    755,
                    92
                ]
            ],
            "nQuads": 377,
            "child_modules": {},
            "Compiled": "Yes",
            "nMops": 748,
            "Compiled Times": 1,
            "end_perf": [
                0.1152348518371582,
                0.051563999999999999,
                0.023798,
                330956,
                405644,
                31689288919263,
                12884901889,
                0
            ],
            "nRouts": 48
        },
        "...MASTER...": {
            "nQuads": 0,
            "significant_routs": [
                [
                    1,
                    "SIM",
                    2229184,
                    242,
                    0
                ]
            ],
            "child_modules": {
                "spi_apb_if_tb": 1,
                "std": 1
            },
            "start_perf": [
                0.088030815124511719,
                0.044828,
                0.016036999999999999,
                323716,
                405644,
                1658387058.7384689,
                31689201953039
            ],
            "end_perf": [
                0.090248823165893555,
                0.044828,
                0.017748,
                328216,
                405644,
                31689209041601,
                0,
                0
            ],
            "nMops": 0,
            "nRouts": 5
        }
    },
    "CompUnits": {
        "amcQw_d": {
            "mode": 4,
            "mod": "...MASTER...",
            "out": "objs/amcQw_d.o",
            "bytes": 7832,
            "text": 434,
            "checksum": 0
        },
        "tWQum_d": {
            "mode": 4,
            "mod": "spi_apb_if_tb",
            "out": "tWQum_d.o",
            "bytes": 22382,
            "text": 7442,
            "checksum": 0,
            "archive": "archive.0/_31626_archive_1.a"
        }
    },
    "reusePaths": {},
    "ObjArchives": [
        {
            "archive": "archive.0/_31626_archive_1.a",
            "objects": [
                [
                    "tWQum_d.o",
                    22382
                ],
                [
                    "amcQwB.o",
                    114576
                ]
            ],
            "size": 136958
        }
    ],
    "stat": {
        "ru_self_end": {
            "ru_minflt": 13544,
            "ru_maxrss_kb": 118936,
            "ru_utime_sec": 0.053115999999999997,
            "ru_stime_sec": 0.026249999999999999,
            "ru_nivcsw": 89,
            "ru_nvcsw": 43,
            "ru_majflt": 0
        },
        "peak_mem_kb": 405644,
        "cpu_cycles_end": 31689307881375,
        "ru_childs_end": {
            "ru_minflt": 7325,
            "ru_maxrss_kb": 110364,
            "ru_utime_sec": 0.028063999999999999,
            "ru_stime_sec": 0.010293,
            "ru_nivcsw": 31,
            "ru_nvcsw": 38,
            "ru_majflt": 0
        }
    }
}