{
    "Modules": {
        "std": {
            "start_perf": [
                0.091148853302001953,
                0.00024600000000000002,
                0.0,
                328216,
                328216,
                1658387058.7415869,
                31689212028543
            ],
            "significant_routs": [
                [
                    24,
                    "F_VCSgd_reYIK_24_0",
                    1876032,
                    984,
                    90
                ]
            ],
            "nQuads": 218,
            "child_modules": {},
            "Compiled Times": 1,
            "nMops": 528,
            "Compiled": "Yes",
            "end_perf": [
                0.10029983520507812,
                0.0044799999999999996,
                0.0044799999999999996,
                330372,
                330372,
                31689241198527,
                8589934594,
                0
            ],
            "svclass": [
                "$vcs_nba_dyn_obj",
                576,
                35,
                2,
                2,
                0,
                "sigprop$$",
                576,
                35,
                2,
                2,
                0,
                "process",
                2380,
                200,
                8,
                8,
                0,
                "event",
                597,
                34,
                2,
                2,
                0,
                "mailbox",
                1769,
                140,
                9,
                9,
                0,
                "semaphore",
                1119,
                84,
                5,
                5,
                0
            ],
            "nRouts": 33
        }
    },
    "CompUnits": {
        "reYIK_d": {
            "mode": 4,
            "mod": "std",
            "out": "reYIK_d.o",
            "bytes": 43314,
            "cls": 7017,
            "text": 7325,
            "checksum": 0,
            "archive": "archive.0/_31651_archive_1.a"
        }
    },
    "reusePaths": {},
    "ObjArchives": [
        {
            "archive": "archive.0/_31651_archive_1.a",
            "objects": [
                [
                    "reYIK_d.o",
                    43314
                ]
            ],
            "size": 43314
        }
    ],
    "stat": {
        "ru_self_end": {
            "ru_minflt": 1262,
            "ru_maxrss_kb": 52868,
            "ru_utime_sec": 0.004548,
            "ru_stime_sec": 0.004548,
            "ru_nivcsw": 3,
            "ru_nvcsw": 0,
            "ru_majflt": 0
        },
        "peak_mem_kb": 330372,
        "cpu_cycles_end": 31689241549311,
        "ru_childs_end": {
            "ru_minflt": 0,
            "ru_maxrss_kb": 0,
            "ru_utime_sec": 0.0,
            "ru_stime_sec": 0.0,
            "ru_nivcsw": 0,
            "ru_nvcsw": 0,
            "ru_majflt": 0
        }
    }
}