{
    "Modules": {
        "...MASTER...": {
            "child_modules": {
                "std": 1,
                "ahb2apb_tb": 1
            },
            "start_perf": [
                0.21170592308044434,
                0.073996000000000006,
                0.0046579999999999998,
                324588,
                397788,
                1659189284.9635379,
                20549715118260
            ],
            "end_perf": [
                0.21428298950195312,
                0.075166999999999998,
                0.0046579999999999998,
                324588,
                397788,
                20549723361332,
                0,
                0
            ],
            "nRouts": 5,
            "nMops": 0,
            "nQuads": 0
        },
        "std": {
            "Compiled Times": 17,
            "start_perf": [
                0.21514201164245605,
                0.075905,
                0.0046579999999999998,
                324588,
                397788,
                1659189284.966974,
                20549726282932
            ],
            "child_modules": {},
            "Compiled": "Yes",
            "end_perf": [
                0.2186279296875,
                0.079194000000000001,
                0.0046579999999999998,
                324588,
                397788,
                20549737242132,
                8589934594,
                0
            ],
            "svclass": [
                "$vcs_nba_dyn_obj",
                0,
                35,
                2,
                2,
                0,
                "sigprop$$",
                0,
                35,
                2,
                2,
                0,
                "process",
                0,
                200,
                8,
                8,
                0,
                "event",
                0,
                34,
                2,
                2,
                0,
                "mailbox",
                0,
                140,
                9,
                9,
                0,
                "semaphore",
                0,
                84,
                5,
                5,
                0
            ],
            "nMops": 528,
            "nRouts": 33,
            "nQuads": 218
        }
    },
    "CompUnits": {},
    "reusePaths": {
        "amcQw_d": {
            "icPath": "csrc"
        },
        "reYIK_d": {
            "icPath": "csrc"
        }
    },
    "ObjArchives": [
        {
            "archive": "archive.16/_25285_archive_1.a",
            "objects": [
                [
                    "amcQwB.o",
                    114496
                ]
            ],
            "size": 114496
        }
    ],
    "stat": {
        "peak_mem_kb": 397788,
        "ru_self_end": {
            "ru_stime_sec": 0.0089479999999999994,
            "ru_utime_sec": 0.080537999999999998,
            "ru_nivcsw": 71,
            "ru_maxrss_kb": 122980,
            "ru_majflt": 0,
            "ru_minflt": 14161,
            "ru_nvcsw": 35
        },
        "ru_childs_end": {
            "ru_stime_sec": 0.025440999999999998,
            "ru_utime_sec": 0.064882999999999996,
            "ru_nivcsw": 118,
            "ru_maxrss_kb": 116032,
            "ru_majflt": 0,
            "ru_minflt": 16166,
            "ru_nvcsw": 63
        },
        "cpu_cycles_end": 20549883033796
    }
}